Workbook

Sheet Дашборд и Сводка
A1: ФИНАНСОВЫЙ ПЛАН И КАЛЬКУЛЯТОР ДОХОДНОСТИ НА 1 ГОД
A2: Сравнение стратегий: Форекс (5 торговых дней в неделю / 258 дней в году) vs Криптовалюта (24/7 / 365 дней в году)
A4: [ ПАРАМЕТРЫ СТРАТЕГИИ ] | F4: [ ИТОГИ: ФОРЕКС (5 ДНЕЙ / 258 ДНЕЙ) ] | K4: [ ИТОГИ: КРИПТОВАЛЮТА (24/7 / 365 ДНЕЙ) ]
A5: Начальный депозит ($): | C5: 10 | D5: Стартовый баланс для расчета | F5: Торговых дней в году: | H5: 258 дней (12 мес.) | K5: Торговых дней в году: | M5: 365 дней (12 мес.)
A6: Шаг баланса на 0.01 лота ($): | C6: 100 | D6: До $100 → 0.01, до $200 → 0.02 и т.д. | F6: Начальный депозит: | H6: =$C$5 | K6: Начальный депозит: | M6: =$C$5
A7: Дневная цель (пунктов / pips): | C7: 60 | D7: Целевая прибыль в пунктах за день | F7: Итоговый баланс (1 год): | H7: =F27 | K7: Итоговый баланс (1 год): | M7: =L27
A8: Стоимость 1 пункта (при 1.0 лоте $): | C8: 10 | D8: Стандарт для EURUSD ($10 за пункт) | F8: Чистая прибыль за год: | H8: =E27 | K8: Чистая прибыль за год: | M8: =K27
A9: Максимальный размер лота (Max Lot): | C9: 100 | D9: Лимит брокера на 1 сделку (100.00 лотов) | F9: Пиковый лот (достигнутый): | H9: =D27 | K9: Пиковый лот (достигнутый): | M9: =J27
A10: Базовая прибыль за день (0.01 лота $): | C10: =$C$7*$C$8*0.01 | D10: Прибыль при минимальном лоте ($6.00) | F10: Общая доходность (%): | H10: =G27 | K10: Общая доходность (%): | M10: =M27
A12: [ СВОДНАЯ СРАВНИТЕЛЬНАЯ ТАБЛИЦА ПО МЕСЯЦАМ (12 МЕСЯЦЕВ) ]
A13: Месяц | B13: ФОРЕКС (5 ДНЕЙ В НЕДЕЛЮ) | H13: КРИПТОВАЛЮТА (24/7 - 7 ДНЕЙ В НЕДЕЛЮ) | N13: Разница (Крипто - Форекс)
B14: Дней | C14: Старт ($) | D14: Лот (макс) | E14: Прибыль ($) | F14: Итог ($) | G14: Рост (%) | H14: Дней | I14: Старт ($) | J14: Лот (макс) | K14: Прибыль ($) | L14: Итог ($) | M14: Рост (%)
A15: 1. Январь | B15: 22 | C15: ='Форекс (5 дней)'!D6 | D15: ='Форекс (5 дней)'!E28 | E15: ='Форекс (5 дней)'!G28 | F15: ='Форекс (5 дней)'!H28 | G15: =(F15-C15)/C15 | H15: 31 | I15: ='Криптовалюта (24_7)'!D6 | J15: ='Криптовалюта (24_7)'!E37 | K15: ='Криптовалюта (24_7)'!G37 | L15: ='Криптовалюта (24_7)'!H37 | M15: =(L15-I15)/I15 | N15: =K15-E15
A16: 2. Февраль | B16: 20 | C16: ='Форекс (5 дней)'!D32 | D16: ='Форекс (5 дней)'!E52 | E16: ='Форекс (5 дней)'!G52 | F16: ='Форекс (5 дней)'!H52 | G16: =(F16-C16)/C16 | H16: 28 | I16: ='Криптовалюта (24_7)'!D41 | J16: ='Криптовалюта (24_7)'!E69 | K16: ='Криптовалюта (24_7)'!G69 | L16: ='Криптовалюта (24_7)'!H69 | M16: =(L16-I16)/I16 | N16: =K16-E16
A17: 3. Март | B17: 22 | C17: ='Форекс (5 дней)'!D56 | D17: ='Форекс (5 дней)'!E78 | E17: ='Форекс (5 дней)'!G78 | F17: ='Форекс (5 дней)'!H78 | G17: =(F17-C17)/C17 | H17: 31 | I17: ='Криптовалюта (24_7)'!D73 | J17: ='Криптовалюта (24_7)'!E104 | K17: ='Криптовалюта (24_7)'!G104 | L17: ='Криптовалюта (24_7)'!H104 | M17: =(L17-I17)/I17 | N17: =K17-E17
A18: 4. Апрель | B18: 21 | C18: ='Форекс (5 дней)'!D82 | D18: ='Форекс (5 дней)'!E103 | E18: ='Форекс (5 дней)'!G103 | F18: ='Форекс (5 дней)'!H103 | G18: =(F18-C18)/C18 | H18: 30 | I18: ='Криптовалюта (24_7)'!D108 | J18: ='Криптовалюта (24_7)'!E138 | K18: ='Криптовалюта (24_7)'!G138 | L18: ='Криптовалюта (24_7)'!H138 | M18: =(L18-I18)/I18 | N18: =K18-E18
A19: 5. Май | B19: 22 | C19: ='Форекс (5 дней)'!D107 | D19: ='Форекс (5 дней)'!E129 | E19: ='Форекс (5 дней)'!G129 | F19: ='Форекс (5 дней)'!H129 | G19: =(F19-C19)/C19 | H19: 31 | I19: ='Криптовалюта (24_7)'!D142 | J19: ='Криптовалюта (24_7)'!E173 | K19: ='Криптовалюта (24_7)'!G173 | L19: ='Криптовалюта (24_7)'!H173 | M19: =(L19-I19)/I19 | N19: =K19-E19
A20: 6. Июнь | B20: 21 | C20: ='Форекс (5 дней)'!D133 | D20: ='Форекс (5 дней)'!E154 | E20: ='Форекс (5 дней)'!G154 | F20: ='Форекс (5 дней)'!H154 | G20: =(F20-C20)/C20 | H20: 30 | I20: ='Криптовалюта (24_7)'!D177 | J20: ='Криптовалюта (24_7)'!E207 | K20: ='Криптовалюта (24_7)'!G207 | L20: ='Криптовалюта (24_7)'!H207 | M20: =(L20-I20)/I20 | N20: =K20-E20
A21: 7. Июль | B21: 22 | C21: ='Форекс (5 дней)'!D158 | D21: ='Форекс (5 дней)'!E180 | E21: ='Форекс (5 дней)'!G180 | F21: ='Форекс (5 дней)'!H180 | G21: =(F21-C21)/C21 | H21: 31 | I21: ='Криптовалюта (24_7)'!D211 | J21: ='Криптовалюта (24_7)'!E242 | K21: ='Криптовалюта (24_7)'!G242 | L21: ='Криптовалюта (24_7)'!H242 | M21: =(L21-I21)/I21 | N21: =K21-E21
A22: 8. Август | B22: 22 | C22: ='Форекс (5 дней)'!D184 | D22: ='Форекс (5 дней)'!E206 | E22: ='Форекс (5 дней)'!G206 | F22: ='Форекс (5 дней)'!H206 | G22: =(F22-C22)/C22 | H22: 31 | I22: ='Криптовалюта (24_7)'!D246 | J22: ='Криптовалюта (24_7)'!E277 | K22: ='Криптовалюта (24_7)'!G277 | L22: ='Криптовалюта (24_7)'!H277 | M22: =(L22-I22)/I22 | N22: =K22-E22
A23: 9. Сентябрь | B23: 21 | C23: ='Форекс (5 дней)'!D210 | D23: ='Форекс (5 дней)'!E231 | E23: ='Форекс (5 дней)'!G231 | F23: ='Форекс (5 дней)'!H231 | G23: =(F23-C23)/C23 | H23: 30 | I23: ='Криптовалюта (24_7)'!D281 | J23: ='Криптовалюта (24_7)'!E311 | K23: ='Криптовалюта (24_7)'!G311 | L23: ='Криптовалюта (24_7)'!H311 | M23: =(L23-I23)/I23 | N23: =K23-E23
A24: 10. Октябрь | B24: 22 | C24: ='Форекс (5 дней)'!D235 | D24: ='Форекс (5 дней)'!E257 | E24: ='Форекс (5 дней)'!G257 | F24: ='Форекс (5 дней)'!H257 | G24: =(F24-C24)/C24 | H24: 31 | I24: ='Криптовалюта (24_7)'!D315 | J24: ='Криптовалюта (24_7)'!E346 | K24: ='Криптовалюта (24_7)'!G346 | L24: ='Криптовалюта (24_7)'!H346 | M24: =(L24-I24)/I24 | N24: =K24-E24
A25: 11. Ноябрь | B25: 21 | C25: ='Форекс (5 дней)'!D261 | D25: ='Форекс (5 дней)'!E282 | E25: ='Форекс (5 дней)'!G282 | F25: ='Форекс (5 дней)'!H282 | G25: =(F25-C25)/C25 | H25: 30 | I25: ='Криптовалюта (24_7)'!D350 | J25: ='Криптовалюта (24_7)'!E380 | K25: ='Криптовалюта (24_7)'!G380 | L25: ='Криптовалюта (24_7)'!H380 | M25: =(L25-I25)/I25 | N25: =K25-E25
A26: 12. Декабрь | B26: 22 | C26: ='Форекс (5 дней)'!D286 | D26: ='Форекс (5 дней)'!E308 | E26: ='Форекс (5 дней)'!G308 | F26: ='Форекс (5 дней)'!H308 | G26: =(F26-C26)/C26 | H26: 31 | I26: ='Криптовалюта (24_7)'!D384 | J26: ='Криптовалюта (24_7)'!E415 | K26: ='Криптовалюта (24_7)'!G415 | L26: ='Криптовалюта (24_7)'!H415 | M26: =(L26-I26)/I26 | N26: =K26-E26
A27: ИТОГО ЗА 1 ГОД: | B27: =SUM(B15:B26) | C27: =C15 | D27: =MAX(D15:D26) | E27: =SUM(E15:E26) | F27: =F26 | G27: =(F27-C27)/C27 | H27: =SUM(H15:H26) | I27: =I15 | J27: =MAX(J15:J26) | K27: =SUM(K15:K26) | L27: =L26 | M27: =(L27-I27)/I27 | N27: =K27-E27

Sheet Форекс (5 дней)
A1: ТОРГОВЫЙ ПЛАН НА 1 ГОД: ФОРЕКС (5 ДНЕЙ В НЕДЕЛЮ / 258 ДНЕЙ)
A2: Расчёт сложного процента с шагом 0.01 лота на $100 (Max Lot = 100, 60 пунктов в день)
A4: МЕСЯЦ 1: ЯНВАРЬ (22 торговых дней)
A5: Месяц | B5: День года | C5: День месяца | D5: Начальный депозит ($) | E5: Размер лота | F5: Цель (пунктов) | G5: Прибыль за день ($) | H5: Итоговый баланс ($)
A6: Январь | B6: 1 | C6: 1 | D6: ='Дашборд и Сводка'!$C$5 | E6: =MIN('Дашборд и Сводка'!$C$9, ROUNDUP(D6/'Дашборд и Сводка'!$C$6, 0)*0.01) | F6: ='Дашборд и Сводка'!$C$7 | G6: =E6*F6*'Дашборд и Сводка'!$C$8 | H6: =D6+G6
A7: Январь | B7: 2 | C7: 2 | D7: =H6 | E7: =MIN('Дашборд и Сводка'!$C$9, ROUNDUP(D7/'Дашборд и Сводка'!$C$6, 0)*0.01) | F7: ='Дашборд и Сводка'!$C$7 | G7: =E7*F7*'Дашборд и Сводка'!$C$8 | H7: =D7+G7
A8: Январь | B8: 3 | C8: 3 | D8: =H7 | E8: =MIN('Дашборд и Сводка'!$C$9, ROUNDUP(D8/'Дашборд и Сводка'!$C$6, 0)*0.01) | F8: ='Дашборд и Сводка'!$C$7 | G8: =E8*F8*'Дашборд и Сводка'!$C$8 | H8: =D8+G8
A9: Январь | B9: 4 | C9: 4 | D9: =H8 | E9: =MIN('Дашборд и Сводка'!$C$9, ROUNDUP(D9/'Дашборд и Сводка'!$C$6, 0)*0.01) | F9: ='Дашборд и Сводка'!$C$7 | G9: =E9*F9*'Дашборд и Сводка'!$C$8 | H9: =D9+G9
A10: Январь | B10: 5 | C10: 5 | D10: =H9 | E10: =MIN('Дашборд и Сводка'!$C$9, ROUNDUP(D10/'Дашборд и Сводка'!$C$6, 0)*0.01) | F10: ='Дашборд и Сводка'!$C$7 | G10: =E10*F10*'Дашборд и Сводка'!$C$8 | H10: =D10+G10
A11: Январь | B11: 6 | C11: 6 | D11: =H10 | E11: =MIN('Дашборд и Сводка'!$C$9, ROUNDUP(D11/'Дашборд и Сводка'!$C$6, 0)*0.01) | F11: ='Дашборд и Сводка'!$C$7 | G11: =E11*F11*'Дашборд и Сводка'!$C$8 | H11: =D11+G11
A12: Январь | B12: 7 | C12: 7 | D12: =H11 | E12: =MIN('Дашборд и Сводка'!$C$9, ROUNDUP(D12/'Дашборд и Сводка'!$C$6, 0)*0.01) | F12: ='Дашборд и Сводка'!$C$7 | G12: =E12*F12*'Дашборд и Сводка'!$C$8 | H12: =D12+G12
A13: Январь | B13: 8 | C13: 8 | D13: =H12 | E13: =MIN('Дашборд и Сводка'!$C$9, ROUNDUP(D13/'Дашборд и Сводка'!$C$6, 0)*0.01) | F13: ='Дашборд и Сводка'!$C$7 | G13: =E13*F13*'Дашборд и Сводка'!$C$8 | H13: =D13+G13
A14: Январь | B14: 9 | C14: 9 | D14: =H13 | E14: =MIN('Дашборд и Сводка'!$C$9, ROUNDUP(D14/'Дашборд и Сводка'!$C$6, 0)*0.01) | F14: ='Дашборд и Сводка'!$C$7 | G14: =E14*F14*'Дашборд и Сводка'!$C$8 | H14: =D14+G14
A15: Январь | B15: 10 | C15: 10 | D15: =H14 | E15: =MIN('Дашборд и Сводка'!$C$9, ROUNDUP(D15/'Дашборд и Сводка'!$C$6, 0)*0.01) | F15: ='Дашборд и Сводка'!$C$7 | G15: =E15*F15*'Дашборд и Сводка'!$C$8 | H15: =D15+G15
A16: Январь | B16: 11 | C16: 11 | D16: =H15 | E16: =MIN('Дашборд и Сводка'!$C$9, ROUNDUP(D16/'Дашборд и Сводка'!$C$6, 0)*0.01) | F16: ='Дашборд и Сводка'!$C$7 | G16: =E16*F16*'Дашборд и Сводка'!$C$8 | H16: =D16+G16
A17: Январь | B17: 12 | C17: 12 | D17: =H16 | E17: =MIN('Дашборд и Сводка'!$C$9, ROUNDUP(D17/'Дашборд и Сводка'!$C$6, 0)*0.01) | F17: ='Дашборд и Сводка'!$C$7 | G17: =E17*F17*'Дашборд и Сводка'!$C$8 | H17: =D17+G17
A18: Январь | B18: 13 | C18: 13 | D18: =H17 | E18: =MIN('Дашборд и Сводка'!$C$9, ROUNDUP(D18/'Дашборд и Сводка'!$C$6, 0)*0.01) | F18: ='Дашборд и Сводка'!$C$7 | G18: =E18*F18*'Дашборд и Сводка'!$C$8 | H18: =D18+G18
... A27: Январь | B27: 22 | C27: 22 | D27: =H26 | E27: =MIN('Дашборд и Сводка'!$C$9, ROUNDUP(D27/'Дашборд и Сводка'!$C$6, 0)*0.01) | F27: ='Дашборд и Сводка'!$C$7 | G27: =E27*F27*'Дашборд и Сводка'!$C$8 | H27: =D27+G27
A28: ИТОГО ЗА ЯНВАРЬ: | D28: =D6 | E28: =MAX(E6:E27) | F28: ='Дашборд и Сводка'!$C$7 | G28: =SUM(G6:G27) | H28: =H27
A30: МЕСЯЦ 2: ФЕВРАЛЬ (20 торговых дней)
A31: Месяц | B31: День года | C31: День месяца | D31: Начальный депозит ($) | E31: Размер лота | F31: Цель (пунктов) | G31: Прибыль за день ($) | H31: Итоговый баланс ($)
A32: Февраль | B32: 23 | C32: 1 | D32: =H27 | E32: =MIN('Дашборд и Сводка'!$C$9, ROUNDUP(D32/'Дашборд и Сводка'!$C$6, 0)*0.01) | F32: ='Дашборд и Сводка'!$C$7 | G32: =E32*F32*'Дашборд и Сводка'!$C$8 | H32: =D32+G32
A33: Февраль | B33: 24 | C33: 2 | D33: =H32 | E33: =MIN('Дашборд и Сводка'!$C$9, ROUNDUP(D33/'Дашборд и Сводка'!$C$6, 0)*0.01) | F33: ='Дашборд и Сводка'!$C$7 | G33: =E33*F33*'Дашборд и Сводка'!$C$8 | H33: =D33+G33
A34: Февраль | B34: 25 | C34: 3 | D34: =H33 | E34: =MIN('Дашборд и Сводка'!$C$9, ROUNDUP(D34/'Дашборд и Сводка'!$C$6, 0)*0.01) | F34: ='Дашборд и Сводка'!$C$7 | G34: =E34*F34*'Дашборд и Сводка'!$C$8 | H34: =D34+G34
A35: Февраль | B35: 26 | C35: 4 | D35: =H34 | E35: =MIN('Дашборд и Сводка'!$C$9, ROUNDUP(D35/'Дашборд и Сводка'!$C$6, 0)*0.01) | F35: ='Дашборд и Сводка'!$C$7 | G35: =E35*F35*'Дашборд и Сводка'!$C$8 | H35: =D35+G35
A36: Февраль | B36: 27 | C36: 5 | D36: =H35 | E36: =MIN('Дашборд и Сводка'!$C$9, ROUNDUP(D36/'Дашборд и Сводка'!$C$6, 0)*0.01) | F36: ='Дашборд и Сводка'!$C$7 | G36: =E36*F36*'Дашборд и Сводка'!$C$8 | H36: =D36+G36
A37: Февраль | B37: 28 | C37: 6 | D37: =H36 | E37: =MIN('Дашборд и Сводка'!$C$9, ROUNDUP(D37/'Дашборд и Сводка'!$C$6, 0)*0.01) | F37: ='Дашборд и Сводка'!$C$7 | G37: =E37*F37*'Дашборд и Сводка'!$C$8 | H37: =D37+G37
A38: Февраль | B38: 29 | C38: 7 | D38: =H37 | E38: =MIN('Дашборд и Сводка'!$C$9, ROUNDUP(D38/'Дашборд и Сводка'!$C$6, 0)*0.01) | F38: ='Дашборд и Сводка'!$C$7 | G38: =E38*F38*'Дашборд и Сводка'!$C$8 | H38: =D38+G38
A39: Февраль | B39: 30 | C39: 8 | D39: =H38 | E39: =MIN('Дашборд и Сводка'!$C$9, ROUNDUP(D39/'Дашборд и Сводка'!$C$6, 0)*0.01) | F39: ='Дашборд и Сводка'!$C$7 | G39: =E39*F39*'Дашборд и Сводка'!$C$8 | H39: =D39+G39
A40: Февраль | B40: 31 | C40: 9 | D40: =H39 | E40: =MIN('Дашборд и Сводка'!$C$9, ROUNDUP(D40/'Дашборд и Сводка'!$C$6, 0)*0.01) | F40: ='Дашборд и Сводка'!$C$7 | G40: =E40*F40*'Дашборд и Сводка'!$C$8 | H40: =D40+G40
A41: Февраль | B41: 32 | C41: 10 | D41: =H40 | E41: =MIN('Дашборд и Сводка'!$C$9, ROUNDUP(D41/'Дашборд и Сводка'!$C$6, 0)*0.01) | F41: ='Дашборд и Сводка'!$C$7 | G41: =E41*F41*'Дашборд и Сводка'!$C$8 | H41: =D41+G41
A42: Февраль | B42: 33 | C42: 11 | D42: =H41 | E42: =MIN('Дашборд и Сводка'!$C$9, ROUNDUP(D42/'Дашборд и Сводка'!$C$6, 0)*0.01) | F42: ='Дашборд и Сводка'!$C$7 | G42: =E42*F42*'Дашборд и Сводка'!$C$8 | H42: =D42+G42
A43: Февраль | B43: 34 | C43: 12 | D43: =H42 | E43: =MIN('Дашборд и Сводка'!$C$9, ROUNDUP(D43/'Дашборд и Сводка'!$C$6, 0)*0.01) | F43: ='Дашборд и Сводка'!$C$7 | G43: =E43*F43*'Дашборд и Сводка'!$C$8 | H43: =D43+G43
A44: Февраль | B44: 35 | C44: 13 | D44: =H43 | E44: =MIN('Дашборд и Сводка'!$C$9, ROUNDUP(D44/'Дашборд и Сводка'!$C$6, 0)*0.01) | F44: ='Дашборд и Сводка'!$C$7 | G44: =E44*F44*'Дашборд и Сводка'!$C$8 | H44: =D44+G44
... A51: Февраль | B51: 42 | C51: 20 | D51: =H50 | E51: =MIN('Дашборд и Сводка'!$C$9, ROUNDUP(D51/'Дашборд и Сводка'!$C$6, 0)*0.01) | F51: ='Дашборд и Сводка'!$C$7 | G51: =E51*F51*'Дашборд и Сводка'!$C$8 | H51: =D51+G51
A52: ИТОГО ЗА ФЕВРАЛЬ: | D52: =D32 | E52: =MAX(E32:E51) | F52: ='Дашборд и Сводка'!$C$7 | G52: =SUM(G32:G51) | H52: =H51
A54: МЕСЯЦ 3: МАРТ (22 торговых дней)
A55: Месяц | B55: День года | C55: День месяца | D55: Начальный депозит ($) | E55: Размер лота | F55: Цель (пунктов) | G55: Прибыль за день ($) | H55: Итоговый баланс ($)
A56: Март | B56: 43 | C56: 1 | D56: =H51 | E56: =MIN('Дашборд и Сводка'!$C$9, ROUNDUP(D56/'Дашборд и Сводка'!$C$6, 0)*0.01) | F56: ='Дашборд и Сводка'!$C$7 | G56: =E56*F56*'Дашборд и Сводка'!$C$8 | H56: =D56+G56
A57: Март | B57: 44 | C57: 2 | D57: =H56 | E57: =MIN('Дашборд и Сводка'!$C$9, ROUNDUP(D57/'Дашборд и Сводка'!$C$6, 0)*0.01) | F57: ='Дашборд и Сводка'!$C$7 | G57: =E57*F57*'Дашборд и Сводка'!$C$8 | H57: =D57+G57
A58: Март | B58: 45 | C58: 3 | D58: =H57 | E58: =MIN('Дашборд и Сводка'!$C$9, ROUNDUP(D58/'Дашборд и Сводка'!$C$6, 0)*0.01) | F58: ='Дашборд и Сводка'!$C$7 | G58: =E58*F58*'Дашборд и Сводка'!$C$8 | H58: =D58+G58
A59: Март | B59: 46 | C59: 4 | D59: =H58 | E59: =MIN('Дашборд и Сводка'!$C$9, ROUNDUP(D59/'Дашборд и Сводка'!$C$6, 0)*0.01) | F59: ='Дашборд и Сводка'!$C$7 | G59: =E59*F59*'Дашборд и Сводка'!$C$8 | H59: =D59+G59
A60: Март | B60: 47 | C60: 5 | D60: =H59 | E60: =MIN('Дашборд и Сводка'!$C$9, ROUNDUP(D60/'Дашборд и Сводка'!$C$6, 0)*0.01) | F60: ='Дашборд и Сводка'!$C$7 | G60: =E60*F60*'Дашборд и Сводка'!$C$8 | H60: =D60+G60
A61: Март | B61: 48 | C61: 6 | D61: =H60 | E61: =MIN('Дашборд и Сводка'!$C$9, ROUNDUP(D61/'Дашборд и Сводка'!$C$6, 0)*0.01) | F61: ='Дашборд и Сводка'!$C$7 | G61: =E61*F61*'Дашборд и Сводка'!$C$8 | H61: =D61+G61
A62: Март | B62: 49 | C62: 7 | D62: =H61 | E62: =MIN('Дашборд и Сводка'!$C$9, ROUNDUP(D62/'Дашборд и Сводка'!$C$6, 0)*0.01) | F62: ='Дашборд и Сводка'!$C$7 | G62: =E62*F62*'Дашборд и Сводка'!$C$8 | H62: =D62+G62
A63: Март | B63: 50 | C63: 8 | D63: =H62 | E63: =MIN('Дашборд и Сводка'!$C$9, ROUNDUP(D63/'Дашборд и Сводка'!$C$6, 0)*0.01) | F63: ='Дашборд и Сводка'!$C$7 | G63: =E63*F63*'Дашборд и Сводка'!$C$8 | H63: =D63+G63
A64: Март | B64: 51 | C64: 9 | D64: =H63 | E64: =MIN('Дашборд и Сводка'!$C$9, ROUNDUP(D64/'Дашборд и Сводка'!$C$6, 0)*0.01) | F64: ='Дашборд и Сводка'!$C$7 | G64: =E64*F64*'Дашборд и Сводка'!$C$8 | H64: =D64+G64
A65: Март | B65: 52 | C65: 10 | D65: =H64 | E65: =MIN('Дашборд и Сводка'!$C$9, ROUNDUP(D65/'Дашборд и Сводка'!$C$6, 0)*0.01) | F65: ='Дашборд и Сводка'!$C$7 | G65: =E65*F65*'Дашборд и Сводка'!$C$8 | H65: =D65+G65
A66: Март | B66: 53 | C66: 11 | D66: =H65 | E66: =MIN('Дашборд и Сводка'!$C$9, ROUNDUP(D66/'Дашборд и Сводка'!$C$6, 0)*0.01) | F66: ='Дашборд и Сводка'!$C$7 | G66: =E66*F66*'Дашборд и Сводка'!$C$8 | H66: =D66+G66
A67: Март | B67: 54 | C67: 12 | D67: =H66 | E67: =MIN('Дашборд и Сводка'!$C$9, ROUNDUP(D67/'Дашборд и Сводка'!$C$6, 0)*0.01) | F67: ='Дашборд и Сводка'!$C$7 | G67: =E67*F67*'Дашборд и Сводка'!$C$8 | H67: =D67+G67
A68: Март | B68: 55 | C68: 13 | D68: =H67 | E68: =MIN('Дашборд и Сводка'!$C$9, ROUNDUP(D68/'Дашборд и Сводка'!$C$6, 0)*0.01) | F68: ='Дашборд и Сводка'!$C$7 | G68: =E68*F68*'Дашборд и Сводка'!$C$8 | H68: =D68+G68
... A77: Март | B77: 64 | C77: 22 | D77: =H76 | E77: =MIN('Дашборд и Сводка'!$C$9, ROUNDUP(D77/'Дашборд и Сводка'!$C$6, 0)*0.01) | F77: ='Дашборд и Сводка'!$C$7 | G77: =E77*F77*'Дашборд и Сводка'!$C$8 | H77: =D77+G77
A78: ИТОГО ЗА МАРТ: | D78: =D56 | E78: =MAX(E56:E77) | F78: ='Дашборд и Сводка'!$C$7 | G78: =SUM(G56:G77) | H78: =H77
A80: МЕСЯЦ 4: АПРЕЛЬ (21 торговых дней)
A81: Месяц | B81: День года | C81: День месяца | D81: Начальный депозит ($) | E81: Размер лота | F81: Цель (пунктов) | G81: Прибыль за день ($) | H81: Итоговый баланс ($)
A82: Апрель | B82: 65 | C82: 1 | D82: =H77 | E82: =MIN('Дашборд и Сводка'!$C$9, ROUNDUP(D82/'Дашборд и Сводка'!$C$6, 0)*0.01) | F82: ='Дашборд и Сводка'!$C$7 | G82: =E82*F82*'Дашборд и Сводка'!$C$8 | H82: =D82+G82
A83: Апрель | B83: 66 | C83: 2 | D83: =H82 | E83: =MIN('Дашборд и Сводка'!$C$9, ROUNDUP(D83/'Дашборд и Сводка'!$C$6, 0)*0.01) | F83: ='Дашборд и Сводка'!$C$7 | G83: =E83*F83*'Дашборд и Сводка'!$C$8 | H83: =D83+G83
A84: Апрель | B84: 67 | C84: 3 | D84: =H83 | E84: =MIN('Дашборд и Сводка'!$C$9, ROUNDUP(D84/'Дашборд и Сводка'!$C$6, 0)*0.01) | F84: ='Дашборд и Сводка'!$C$7 | G84: =E84*F84*'Дашборд и Сводка'!$C$8 | H84: =D84+G84
A85: Апрель | B85: 68 | C85: 4 | D85: =H84 | E85: =MIN('Дашборд и Сводка'!$C$9, ROUNDUP(D85/'Дашборд и Сводка'!$C$6, 0)*0.01) | F85: ='Дашборд и Сводка'!$C$7 | G85: =E85*F85*'Дашборд и Сводка'!$C$8 | H85: =D85+G85
A86: Апрель | B86: 69 | C86: 5 | D86: =H85 | E86: =MIN('Дашборд и Сводка'!$C$9, ROUNDUP(D86/'Дашборд и Сводка'!$C$6, 0)*0.01) | F86: ='Дашборд и Сводка'!$C$7 | G86: =E86*F86*'Дашборд и Сводка'!$C$8 | H86: =D86+G86
A87: Апрель | B87: 70 | C87: 6 | D87: =H86 | E87: =MIN('Дашборд и Сводка'!$C$9, ROUNDUP(D87/'Дашборд и Сводка'!$C$6, 0)*0.01) | F87: ='Дашборд и Сводка'!$C$7 | G87: =E87*F87*'Дашборд и Сводка'!$C$8 | H87: =D87+G87
A88: Апрель | B88: 71 | C88: 7 | D88: =H87 | E88: =MIN('Дашборд и Сводка'!$C$9, ROUNDUP(D88/'Дашборд и Сводка'!$C$6, 0)*0.01) | F88: ='Дашборд и Сводка'!$C$7 | G88: =E88*F88*'Дашборд и Сводка'!$C$8 | H88: =D88+G88
A89: Апрель | B89: 72 | C89: 8 | D89: =H88 | E89: =MIN('Дашборд и Сводка'!$C$9, ROUNDUP(D89/'Дашборд и Сводка'!$C$6, 0)*0.01) | F89: ='Дашборд и Сводка'!$C$7 | G89: =E89*F89*'Дашборд и Сводка'!$C$8 | H89: =D89+G89
A90: Апрель | B90: 73 | C90: 9 | D90: =H89 | E90: =MIN('Дашборд и Сводка'!$C$9, ROUNDUP(D90/'Дашборд и Сводка'!$C$6, 0)*0.01) | F90: ='Дашборд и Сводка'!$C$7 | G90: =E90*F90*'Дашборд и Сводка'!$C$8 | H90: =D90+G90
A91: Апрель | B91: 74 | C91: 10 | D91: =H90 | E91: =MIN('Дашборд и Сводка'!$C$9, ROUNDUP(D91/'Дашборд и Сводка'!$C$6, 0)*0.01) | F91: ='Дашборд и Сводка'!$C$7 | G91: =E91*F91*'Дашборд и Сводка'!$C$8 | H91: =D91+G91
A92: Апрель | B92: 75 | C92: 11 | D92: =H91 | E92: =MIN('Дашборд и Сводка'!$C$9, ROUNDUP(D92/'Дашборд и Сводка'!$C$6, 0)*0.01) | F92: ='Дашборд и Сводка'!$C$7 | G92: =E92*F92*'Дашборд и Сводка'!$C$8 | H92: =D92+G92
A93: Апрель | B93: 76 | C93: 12 | D93: =H92 | E93: =MIN('Дашборд и Сводка'!$C$9, ROUNDUP(D93/'Дашборд и Сводка'!$C$6, 0)*0.01) | F93: ='Дашборд и Сводка'!$C$7 | G93: =E93*F93*'Дашборд и Сводка'!$C$8 | H93: =D93+G93
A94: Апрель | B94: 77 | C94: 13 | D94: =H93 | E94: =MIN('Дашборд и Сводка'!$C$9, ROUNDUP(D94/'Дашборд и Сводка'!$C$6, 0)*0.01) | F94: ='Дашборд и Сводка'!$C$7 | G94: =E94*F94*'Дашборд и Сводка'!$C$8 | H94: =D94+G94
... A102: Апрель | B102: 85 | C102: 21 | D102: =H101 | E102: =MIN('Дашборд и Сводка'!$C$9, ROUNDUP(D102/'Дашборд и Сводка'!$C$6, 0)*0.01) | F102: ='Дашборд и Сводка'!$C$7 | G102: =E102*F102*'Дашборд и Сводка'!$C$8 | H102: =D102+G102
A103: ИТОГО ЗА АПРЕЛЬ: | D103: =D82 | E103: =MAX(E82:E102) | F103: ='Дашборд и Сводка'!$C$7 | G103: =SUM(G82:G102) | H103: =H102
A105: МЕСЯЦ 5: МАЙ (22 торговых дней)
A106: Месяц | B106: День года | C106: День месяца | D106: Начальный депозит ($) | E106: Размер лота | F106: Цель (пунктов) | G106: Прибыль за день ($) | H106: Итоговый баланс ($)
A107: Май | B107: 86 | C107: 1 | D107: =H102 | E107: =MIN('Дашборд и Сводка'!$C$9, ROUNDUP(D107/'Дашборд и Сводка'!$C$6, 0)*0.01) | F107: ='Дашборд и Сводка'!$C$7 | G107: =E107*F107*'Дашборд и Сводка'!$C$8 | H107: =D107+G107
A108: Май | B108: 87 | C108: 2 | D108: =H107 | E108: =MIN('Дашборд и Сводка'!$C$9, ROUNDUP(D108/'Дашборд и Сводка'!$C$6, 0)*0.01) | F108: ='Дашборд и Сводка'!$C$7 | G108: =E108*F108*'Дашборд и Сводка'!$C$8 | H108: =D108+G108
A109: Май | B109: 88 | C109: 3 | D109: =H108 | E109: =MIN('Дашборд и Сводка'!$C$9, ROUNDUP(D109/'Дашборд и Сводка'!$C$6, 0)*0.01) | F109: ='Дашборд и Сводка'!$C$7 | G109: =E109*F109*'Дашборд и Сводка'!$C$8 | H109: =D109+G109
A110: Май | B110: 89 | C110: 4 | D110: =H109 | E110: =MIN('Дашборд и Сводка'!$C$9, ROUNDUP(D110/'Дашборд и Сводка'!$C$6, 0)*0.01) | F110: ='Дашборд и Сводка'!$C$7 | G110: =E110*F110*'Дашборд и Сводка'!$C$8 | H110: =D110+G110
A111: Май | B111: 90 | C111: 5 | D111: =H110 | E111: =MIN('Дашборд и Сводка'!$C$9, ROUNDUP(D111/'Дашборд и Сводка'!$C$6, 0)*0.01) | F111: ='Дашборд и Сводка'!$C$7 | G111: =E111*F111*'Дашборд и Сводка'!$C$8 | H111: =D111+G111
A112: Май | B112: 91 | C112: 6 | D112: =H111 | E112: =MIN('Дашборд и Сводка'!$C$9, ROUNDUP(D112/'Дашборд и Сводка'!$C$6, 0)*0.01) | F112: ='Дашборд и Сводка'!$C$7 | G112: =E112*F112*'Дашборд и Сводка'!$C$8 | H112: =D112+G112
A113: Май | B113: 92 | C113: 7 | D113: =H112 | E113: =MIN('Дашборд и Сводка'!$C$9, ROUNDUP(D113/'Дашборд и Сводка'!$C$6, 0)*0.01) | F113: ='Дашборд и Сводка'!$C$7 | G113: =E113*F113*'Дашборд и Сводка'!$C$8 | H113: =D113+G113
A114: Май | B114: 93 | C114: 8 | D114: =H113 | E114: =MIN('Дашборд и Сводка'!$C$9, ROUNDUP(D114/'Дашборд и Сводка'!$C$6, 0)*0.01) | F114: ='Дашборд и Сводка'!$C$7 | G114: =E114*F114*'Дашборд и Сводка'!$C$8 | H114: =D114+G114
A115: Май | B115: 94 | C115: 9 | D115: =H114 | E115: =MIN('Дашборд и Сводка'!$C$9, ROUNDUP(D115/'Дашборд и Сводка'!$C$6, 0)*0.01) | F115: ='Дашборд и Сводка'!$C$7 | G115: =E115*F115*'Дашборд и Сводка'!$C$8 | H115: =D115+G115
A116: Май | B116: 95 | C116: 10 | D116: =H115 | E116: =MIN('Дашборд и Сводка'!$C$9, ROUNDUP(D116/'Дашборд и Сводка'!$C$6, 0)*0.01) | F116: ='Дашборд и Сводка'!$C$7 | G116: =E116*F116*'Дашборд и Сводка'!$C$8 | H116: =D116+G116
A117: Май | B117: 96 | C117: 11 | D117: =H116 | E117: =MIN('Дашборд и Сводка'!$C$9, ROUNDUP(D117/'Дашборд и Сводка'!$C$6, 0)*0.01) | F117: ='Дашборд и Сводка'!$C$7 | G117: =E117*F117*'Дашборд и Сводка'!$C$8 | H117: =D117+G117
A118: Май | B118: 97 | C118: 12 | D118: =H117 | E118: =MIN('Дашборд и Сводка'!$C$9, ROUNDUP(D118/'Дашборд и Сводка'!$C$6, 0)*0.01) | F118: ='Дашборд и Сводка'!$C$7 | G118: =E118*F118*'Дашборд и Сводка'!$C$8 | H118: =D118+G118
A119: Май | B119: 98 | C119: 13 | D119: =H118 | E119: =MIN('Дашборд и Сводка'!$C$9, ROUNDUP(D119/'Дашборд и Сводка'!$C$6, 0)*0.01) | F119: ='Дашборд и Сводка'!$C$7 | G119: =E119*F119*'Дашборд и Сводка'!$C$8 | H119: =D119+G119
... A128: Май | B128: 107 | C128: 22 | D128: =H127 | E128: =MIN('Дашборд и Сводка'!$C$9, ROUNDUP(D128/'Дашборд и Сводка'!$C$6, 0)*0.01) | F128: ='Дашборд и Сводка'!$C$7 | G128: =E128*F128*'Дашборд и Сводка'!$C$8 | H128: =D128+G128
A129: ИТОГО ЗА МАЙ: | D129: =D107 | E129: =MAX(E107:E128) | F129: ='Дашборд и Сводка'!$C$7 | G129: =SUM(G107:G128) | H129: =H128
A131: МЕСЯЦ 6: ИЮНЬ (21 торговых дней)
A132: Месяц | B132: День года | C132: День месяца | D132: Начальный депозит ($) | E132: Размер лота | F132: Цель (пунктов) | G132: Прибыль за день ($) | H132: Итоговый баланс ($)
A133: Июнь | B133: 108 | C133: 1 | D133: =H128 | E133: =MIN('Дашборд и Сводка'!$C$9, ROUNDUP(D133/'Дашборд и Сводка'!$C$6, 0)*0.01) | F133: ='Дашборд и Сводка'!$C$7 | G133: =E133*F133*'Дашборд и Сводка'!$C$8 | H133: =D133+G133
A134: Июнь | B134: 109 | C134: 2 | D134: =H133 | E134: =MIN('Дашборд и Сводка'!$C$9, ROUNDUP(D134/'Дашборд и Сводка'!$C$6, 0)*0.01) | F134: ='Дашборд и Сводка'!$C$7 | G134: =E134*F134*'Дашборд и Сводка'!$C$8 | H134: =D134+G134
A135: Июнь | B135: 110 | C135: 3 | D135: =H134 | E135: =MIN('Дашборд и Сводка'!$C$9, ROUNDUP(D135/'Дашборд и Сводка'!$C$6, 0)*0.01) | F135: ='Дашборд и Сводка'!$C$7 | G135: =E135*F135*'Дашборд и Сводка'!$C$8 | H135: =D135+G135
A136: Июнь | B136: 111 | C136: 4 | D136: =H135 | E136: =MIN('Дашборд и Сводка'!$C$9, ROUNDUP(D136/'Дашборд и Сводка'!$C$6, 0)*0.01) | F136: ='Дашборд и Сводка'!$C$7 | G136: =E136*F136*'Дашборд и Сводка'!$C$8 | H136: =D136+G136
A137: Июнь | B137: 112 | C137: 5 | D137: =H136 | E137: =MIN('Дашборд и Сводка'!$C$9, ROUNDUP(D137/'Дашборд и Сводка'!$C$6, 0)*0.01) | F137: ='Дашборд и Сводка'!$C$7 | G137: =E137*F137*'Дашборд и Сводка'!$C$8 | H137: =D137+G137
A138: Июнь | B138: 113 | C138: 6 | D138: =H137 | E138: =MIN('Дашборд и Сводка'!$C$9, ROUNDUP(D138/'Дашборд и Сводка'!$C$6, 0)*0.01) | F138: ='Дашборд и Сводка'!$C$7 | G138: =E138*F138*'Дашборд и Сводка'!$C$8 | H138: =D138+G138
A139: Июнь | B139: 114 | C139: 7 | D139: =H138 | E139: =MIN('Дашборд и Сводка'!$C$9, ROUNDUP(D139/'Дашборд и Сводка'!$C$6, 0)*0.01) | F139: ='Дашборд и Сводка'!$C$7 | G139: =E139*F139*'Дашборд и Сводка'!$C$8 | H139: =D139+G139
A140: Июнь | B140: 115 | C140: 8 | D140: =H139 | E140: =MIN('Дашборд и Сводка'!$C$9, ROUNDUP(D140/'Дашборд и Сводка'!$C$6, 0)*0.01) | F140: ='Дашборд и Сводка'!$C$7 | G140: =E140*F140*'Дашборд и Сводка'!$C$8 | H140: =D140+G140
A141: Июнь | B141: 116 | C141: 9 | D141: =H140 | E141: =MIN('Дашборд и Сводка'!$C$9, ROUNDUP(D141/'Дашборд и Сводка'!$C$6, 0)*0.01) | F141: ='Дашборд и Сводка'!$C$7 | G141: =E141*F141*'Дашборд и Сводка'!$C$8 | H141: =D141+G141
A142: Июнь | B142: 117 | C142: 10 | D142: =H141 | E142: =MIN('Дашборд и Сводка'!$C$9, ROUNDUP(D142/'Дашборд и Сводка'!$C$6, 0)*0.01) | F142: ='Дашборд и Сводка'!$C$7 | G142: =E142*F142*'Дашборд и Сводка'!$C$8 | H142: =D142+G142
A143: Июнь | B143: 118 | C143: 11 | D143: =H142 | E143: =MIN('Дашборд и Сводка'!$C$9, ROUNDUP(D143/'Дашборд и Сводка'!$C$6, 0)*0.01) | F143: ='Дашборд и Сводка'!$C$7 | G143: =E143*F143*'Дашборд и Сводка'!$C$8 | H143: =D143+G143
...

Sheet Криптовалюта (24_7)
A1: ТОРГОВЫЙ ПЛАН НА 1 ГОД: КРИПТОВАЛЮТА (24/7 БЕЗ ВЫХОДНЫХ / 365 ДНЕЙ)
A2: Расчёт сложного процента при непрерывной торговле 7 дней в неделю (Max Lot = 100)
A4: МЕСЯЦ 1: ЯНВАРЬ (31 торговых дней)
A5: Месяц | B5: День года | C5: День месяца | D5: Начальный депозит ($) | E5: Размер лота | F5: Цель (пунктов) | G5: Прибыль за день ($) | H5: Итоговый баланс ($)
A6: Январь | B6: 1 | C6: 1 | D6: ='Дашборд и Сводка'!$C$5 | E6: =MIN('Дашборд и Сводка'!$C$9, ROUNDUP(D6/'Дашборд и Сводка'!$C$6, 0)*0.01) | F6: ='Дашборд и Сводка'!$C$7 | G6: =E6*F6*'Дашборд и Сводка'!$C$8 | H6: =D6+G6
A7: Январь | B7: 2 | C7: 2 | D7: =H6 | E7: =MIN('Дашборд и Сводка'!$C$9, ROUNDUP(D7/'Дашборд и Сводка'!$C$6, 0)*0.01) | F7: ='Дашборд и Сводка'!$C$7 | G7: =E7*F7*'Дашборд и Сводка'!$C$8 | H7: =D7+G7
A8: Январь | B8: 3 | C8: 3 | D8: =H7 | E8: =MIN('Дашборд и Сводка'!$C$9, ROUNDUP(D8/'Дашборд и Сводка'!$C$6, 0)*0.01) | F8: ='Дашборд и Сводка'!$C$7 | G8: =E8*F8*'Дашборд и Сводка'!$C$8 | H8: =D8+G8
A9: Январь | B9: 4 | C9: 4 | D9: =H8 | E9: =MIN('Дашборд и Сводка'!$C$9, ROUNDUP(D9/'Дашборд и Сводка'!$C$6, 0)*0.01) | F9: ='Дашборд и Сводка'!$C$7 | G9: =E9*F9*'Дашборд и Сводка'!$C$8 | H9: =D9+G9
A10: Январь | B10: 5 | C10: 5 | D10: =H9 | E10: =MIN('Дашборд и Сводка'!$C$9, ROUNDUP(D10/'Дашборд и Сводка'!$C$6, 0)*0.01) | F10: ='Дашборд и Сводка'!$C$7 | G10: =E10*F10*'Дашборд и Сводка'!$C$8 | H10: =D10+G10
A11: Январь | B11: 6 | C11: 6 | D11: =H10 | E11: =MIN('Дашборд и Сводка'!$C$9, ROUNDUP(D11/'Дашборд и Сводка'!$C$6, 0)*0.01) | F11: ='Дашборд и Сводка'!$C$7 | G11: =E11*F11*'Дашборд и Сводка'!$C$8 | H11: =D11+G11
A12: Январь | B12: 7 | C12: 7 | D12: =H11 | E12: =MIN('Дашборд и Сводка'!$C$9, ROUNDUP(D12/'Дашборд и Сводка'!$C$6, 0)*0.01) | F12: ='Дашборд и Сводка'!$C$7 | G12: =E12*F12*'Дашборд и Сводка'!$C$8 | H12: =D12+G12
A13: Январь | B13: 8 | C13: 8 | D13: =H12 | E13: =MIN('Дашборд и Сводка'!$C$9, ROUNDUP(D13/'Дашборд и Сводка'!$C$6, 0)*0.01) | F13: ='Дашборд и Сводка'!$C$7 | G13: =E13*F13*'Дашборд и Сводка'!$C$8 | H13: =D13+G13
A14: Январь | B14: 9 | C14: 9 | D14: =H13 | E14: =MIN('Дашборд и Сводка'!$C$9, ROUNDUP(D14/'Дашборд и Сводка'!$C$6, 0)*0.01) | F14: ='Дашборд и Сводка'!$C$7 | G14: =E14*F14*'Дашборд и Сводка'!$C$8 | H14: =D14+G14
A15: Январь | B15: 10 | C15: 10 | D15: =H14 | E15: =MIN('Дашборд и Сводка'!$C$9, ROUNDUP(D15/'Дашборд и Сводка'!$C$6, 0)*0.01) | F15: ='Дашборд и Сводка'!$C$7 | G15: =E15*F15*'Дашборд и Сводка'!$C$8 | H15: =D15+G15
A16: Январь | B16: 11 | C16: 11 | D16: =H15 | E16: =MIN('Дашборд и Сводка'!$C$9, ROUNDUP(D16/'Дашборд и Сводка'!$C$6, 0)*0.01) | F16: ='Дашборд и Сводка'!$C$7 | G16: =E16*F16*'Дашборд и Сводка'!$C$8 | H16: =D16+G16
A17: Январь | B17: 12 | C17: 12 | D17: =H16 | E17: =MIN('Дашборд и Сводка'!$C$9, ROUNDUP(D17/'Дашборд и Сводка'!$C$6, 0)*0.01) | F17: ='Дашборд и Сводка'!$C$7 | G17: =E17*F17*'Дашборд и Сводка'!$C$8 | H17: =D17+G17
A18: Январь | B18: 13 | C18: 13 | D18: =H17 | E18: =MIN('Дашборд и Сводка'!$C$9, ROUNDUP(D18/'Дашборд и Сводка'!$C$6, 0)*0.01) | F18: ='Дашборд и Сводка'!$C$7 | G18: =E18*F18*'Дашборд и Сводка'!$C$8 | H18: =D18+G18
... A36: Январь | B36: 31 | C36: 31 | D36: =H35 | E36: =MIN('Дашборд и Сводка'!$C$9, ROUNDUP(D36/'Дашборд и Сводка'!$C$6, 0)*0.01) | F36: ='Дашборд и Сводка'!$C$7 | G36: =E36*F36*'Дашборд и Сводка'!$C$8 | H36: =D36+G36
A37: ИТОГО ЗА ЯНВАРЬ: | D37: =D6 | E37: =MAX(E6:E36) | F37: ='Дашборд и Сводка'!$C$7 | G37: =SUM(G6:G36) | H37: =H36
A39: МЕСЯЦ 2: ФЕВРАЛЬ (28 торговых дней)
A40: Месяц | B40: День года | C40: День месяца | D40: Начальный депозит ($) | E40: Размер лота | F40: Цель (пунктов) | G40: Прибыль за день ($) | H40: Итоговый баланс ($)
A41: Февраль | B41: 32 | C41: 1 | D41: =H36 | E41: =MIN('Дашборд и Сводка'!$C$9, ROUNDUP(D41/'Дашборд и Сводка'!$C$6, 0)*0.01) | F41: ='Дашборд и Сводка'!$C$7 | G41: =E41*F41*'Дашборд и Сводка'!$C$8 | H41: =D41+G41
A42: Февраль | B42: 33 | C42: 2 | D42: =H41 | E42: =MIN('Дашборд и Сводка'!$C$9, ROUNDUP(D42/'Дашборд и Сводка'!$C$6, 0)*0.01) | F42: ='Дашборд и Сводка'!$C$7 | G42: =E42*F42*'Дашборд и Сводка'!$C$8 | H42: =D42+G42
A43: Февраль | B43: 34 | C43: 3 | D43: =H42 | E43: =MIN('Дашборд и Сводка'!$C$9, ROUNDUP(D43/'Дашборд и Сводка'!$C$6, 0)*0.01) | F43: ='Дашборд и Сводка'!$C$7 | G43: =E43*F43*'Дашборд и Сводка'!$C$8 | H43: =D43+G43
A44: Февраль | B44: 35 | C44: 4 | D44: =H43 | E44: =MIN('Дашборд и Сводка'!$C$9, ROUNDUP(D44/'Дашборд и Сводка'!$C$6, 0)*0.01) | F44: ='Дашборд и Сводка'!$C$7 | G44: =E44*F44*'Дашборд и Сводка'!$C$8 | H44: =D44+G44
A45: Февраль | B45: 36 | C45: 5 | D45: =H44 | E45: =MIN('Дашборд и Сводка'!$C$9, ROUNDUP(D45/'Дашборд и Сводка'!$C$6, 0)*0.01) | F45: ='Дашборд и Сводка'!$C$7 | G45: =E45*F45*'Дашборд и Сводка'!$C$8 | H45: =D45+G45
A46: Февраль | B46: 37 | C46: 6 | D46: =H45 | E46: =MIN('Дашборд и Сводка'!$C$9, ROUNDUP(D46/'Дашборд и Сводка'!$C$6, 0)*0.01) | F46: ='Дашборд и Сводка'!$C$7 | G46: =E46*F46*'Дашборд и Сводка'!$C$8 | H46: =D46+G46
A47: Февраль | B47: 38 | C47: 7 | D47: =H46 | E47: =MIN('Дашборд и Сводка'!$C$9, ROUNDUP(D47/'Дашборд и Сводка'!$C$6, 0)*0.01) | F47: ='Дашборд и Сводка'!$C$7 | G47: =E47*F47*'Дашборд и Сводка'!$C$8 | H47: =D47+G47
A48: Февраль | B48: 39 | C48: 8 | D48: =H47 | E48: =MIN('Дашборд и Сводка'!$C$9, ROUNDUP(D48/'Дашборд и Сводка'!$C$6, 0)*0.01) | F48: ='Дашборд и Сводка'!$C$7 | G48: =E48*F48*'Дашборд и Сводка'!$C$8 | H48: =D48+G48
A49: Февраль | B49: 40 | C49: 9 | D49: =H48 | E49: =MIN('Дашборд и Сводка'!$C$9, ROUNDUP(D49/'Дашборд и Сводка'!$C$6, 0)*0.01) | F49: ='Дашборд и Сводка'!$C$7 | G49: =E49*F49*'Дашборд и Сводка'!$C$8 | H49: =D49+G49
A50: Февраль | B50: 41 | C50: 10 | D50: =H49 | E50: =MIN('Дашборд и Сводка'!$C$9, ROUNDUP(D50/'Дашборд и Сводка'!$C$6, 0)*0.01) | F50: ='Дашборд и Сводка'!$C$7 | G50: =E50*F50*'Дашборд и Сводка'!$C$8 | H50: =D50+G50
A51: Февраль | B51: 42 | C51: 11 | D51: =H50 | E51: =MIN('Дашборд и Сводка'!$C$9, ROUNDUP(D51/'Дашборд и Сводка'!$C$6, 0)*0.01) | F51: ='Дашборд и Сводка'!$C$7 | G51: =E51*F51*'Дашборд и Сводка'!$C$8 | H51: =D51+G51
A52: Февраль | B52: 43 | C52: 12 | D52: =H51 | E52: =MIN('Дашборд и Сводка'!$C$9, ROUNDUP(D52/'Дашборд и Сводка'!$C$6, 0)*0.01) | F52: ='Дашборд и Сводка'!$C$7 | G52: =E52*F52*'Дашборд и Сводка'!$C$8 | H52: =D52+G52
A53: Февраль | B53: 44 | C53: 13 | D53: =H52 | E53: =MIN('Дашборд и Сводка'!$C$9, ROUNDUP(D53/'Дашборд и Сводка'!$C$6, 0)*0.01) | F53: ='Дашборд и Сводка'!$C$7 | G53: =E53*F53*'Дашборд и Сводка'!$C$8 | H53: =D53+G53
... A68: Февраль | B68: 59 | C68: 28 | D68: =H67 | E68: =MIN('Дашборд и Сводка'!$C$9, ROUNDUP(D68/'Дашборд и Сводка'!$C$6, 0)*0.01) | F68: ='Дашборд и Сводка'!$C$7 | G68: =E68*F68*'Дашборд и Сводка'!$C$8 | H68: =D68+G68
A69: ИТОГО ЗА ФЕВРАЛЬ: | D69: =D41 | E69: =MAX(E41:E68) | F69: ='Дашборд и Сводка'!$C$7 | G69: =SUM(G41:G68) | H69: =H68
A71: МЕСЯЦ 3: МАРТ (31 торговых дней)
A72: Месяц | B72: День года | C72: День месяца | D72: Начальный депозит ($) | E72: Размер лота | F72: Цель (пунктов) | G72: Прибыль за день ($) | H72: Итоговый баланс ($)
A73: Март | B73: 60 | C73: 1 | D73: =H68 | E73: =MIN('Дашборд и Сводка'!$C$9, ROUNDUP(D73/'Дашборд и Сводка'!$C$6, 0)*0.01) | F73: ='Дашборд и Сводка'!$C$7 | G73: =E73*F73*'Дашборд и Сводка'!$C$8 | H73: =D73+G73
A74: Март | B74: 61 | C74: 2 | D74: =H73 | E74: =MIN('Дашборд и Сводка'!$C$9, ROUNDUP(D74/'Дашборд и Сводка'!$C$6, 0)*0.01) | F74: ='Дашборд и Сводка'!$C$7 | G74: =E74*F74*'Дашборд и Сводка'!$C$8 | H74: =D74+G74
A75: Март | B75: 62 | C75: 3 | D75: =H74 | E75: =MIN('Дашборд и Сводка'!$C$9, ROUNDUP(D75/'Дашборд и Сводка'!$C$6, 0)*0.01) | F75: ='Дашборд и Сводка'!$C$7 | G75: =E75*F75*'Дашборд и Сводка'!$C$8 | H75: =D75+G75
A76: Март | B76: 63 | C76: 4 | D76: =H75 | E76: =MIN('Дашборд и Сводка'!$C$9, ROUNDUP(D76/'Дашборд и Сводка'!$C$6, 0)*0.01) | F76: ='Дашборд и Сводка'!$C$7 | G76: =E76*F76*'Дашборд и Сводка'!$C$8 | H76: =D76+G76
A77: Март | B77: 64 | C77: 5 | D77: =H76 | E77: =MIN('Дашборд и Сводка'!$C$9, ROUNDUP(D77/'Дашборд и Сводка'!$C$6, 0)*0.01) | F77: ='Дашборд и Сводка'!$C$7 | G77: =E77*F77*'Дашборд и Сводка'!$C$8 | H77: =D77+G77
A78: Март | B78: 65 | C78: 6 | D78: =H77 | E78: =MIN('Дашборд и Сводка'!$C$9, ROUNDUP(D78/'Дашборд и Сводка'!$C$6, 0)*0.01) | F78: ='Дашборд и Сводка'!$C$7 | G78: =E78*F78*'Дашборд и Сводка'!$C$8 | H78: =D78+G78
A79: Март | B79: 66 | C79: 7 | D79: =H78 | E79: =MIN('Дашборд и Сводка'!$C$9, ROUNDUP(D79/'Дашборд и Сводка'!$C$6, 0)*0.01) | F79: ='Дашборд и Сводка'!$C$7 | G79: =E79*F79*'Дашборд и Сводка'!$C$8 | H79: =D79+G79
A80: Март | B80: 67 | C80: 8 | D80: =H79 | E80: =MIN('Дашборд и Сводка'!$C$9, ROUNDUP(D80/'Дашборд и Сводка'!$C$6, 0)*0.01) | F80: ='Дашборд и Сводка'!$C$7 | G80: =E80*F80*'Дашборд и Сводка'!$C$8 | H80: =D80+G80
A81: Март | B81: 68 | C81: 9 | D81: =H80 | E81: =MIN('Дашборд и Сводка'!$C$9, ROUNDUP(D81/'Дашборд и Сводка'!$C$6, 0)*0.01) | F81: ='Дашборд и Сводка'!$C$7 | G81: =E81*F81*'Дашборд и Сводка'!$C$8 | H81: =D81+G81
A82: Март | B82: 69 | C82: 10 | D82: =H81 | E82: =MIN('Дашборд и Сводка'!$C$9, ROUNDUP(D82/'Дашборд и Сводка'!$C$6, 0)*0.01) | F82: ='Дашборд и Сводка'!$C$7 | G82: =E82*F82*'Дашборд и Сводка'!$C$8 | H82: =D82+G82
A83: Март | B83: 70 | C83: 11 | D83: =H82 | E83: =MIN('Дашборд и Сводка'!$C$9, ROUNDUP(D83/'Дашборд и Сводка'!$C$6, 0)*0.01) | F83: ='Дашборд и Сводка'!$C$7 | G83: =E83*F83*'Дашборд и Сводка'!$C$8 | H83: =D83+G83
A84: Март | B84: 71 | C84: 12 | D84: =H83 | E84: =MIN('Дашборд и Сводка'!$C$9, ROUNDUP(D84/'Дашборд и Сводка'!$C$6, 0)*0.01) | F84: ='Дашборд и Сводка'!$C$7 | G84: =E84*F84*'Дашборд и Сводка'!$C$8 | H84: =D84+G84
A85: Март | B85: 72 | C85: 13 | D85: =H84 | E85: =MIN('Дашборд и Сводка'!$C$9, ROUNDUP(D85/'Дашборд и Сводка'!$C$6, 0)*0.01) | F85: ='Дашборд и Сводка'!$C$7 | G85: =E85*F85*'Дашборд и Сводка'!$C$8 | H85: =D85+G85
... A103: Март | B103: 90 | C103: 31 | D103: =H102 | E103: =MIN('Дашборд и Сводка'!$C$9, ROUNDUP(D103/'Дашборд и Сводка'!$C$6, 0)*0.01) | F103: ='Дашборд и Сводка'!$C$7 | G103: =E103*F103*'Дашборд и Сводка'!$C$8 | H103: =D103+G103
A104: ИТОГО ЗА МАРТ: | D104: =D73 | E104: =MAX(E73:E103) | F104: ='Дашборд и Сводка'!$C$7 | G104: =SUM(G73:G103) | H104: =H103
A106: МЕСЯЦ 4: АПРЕЛЬ (30 торговых дней)
A107: Месяц | B107: День года | C107: День месяца | D107: Начальный депозит ($) | E107: Размер лота | F107: Цель (пунктов) | G107: Прибыль за день ($) | H107: Итоговый баланс ($)
A108: Апрель | B108: 91 | C108: 1 | D108: =H103 | E108: =MIN('Дашборд и Сводка'!$C$9, ROUNDUP(D108/'Дашборд и Сводка'!$C$6, 0)*0.01) | F108: ='Дашборд и Сводка'!$C$7 | G108: =E108*F108*'Дашборд и Сводка'!$C$8 | H108: =D108+G108
A109: Апрель | B109: 92 | C109: 2 | D109: =H108 | E109: =MIN('Дашборд и Сводка'!$C$9, ROUNDUP(D109/'Дашборд и Сводка'!$C$6, 0)*0.01) | F109: ='Дашборд и Сводка'!$C$7 | G109: =E109*F109*'Дашборд и Сводка'!$C$8 | H109: =D109+G109
A110: Апрель | B110: 93 | C110: 3 | D110: =H109 | E110: =MIN('Дашборд и Сводка'!$C$9, ROUNDUP(D110/'Дашборд и Сводка'!$C$6, 0)*0.01) | F110: ='Дашборд и Сводка'!$C$7 | G110: =E110*F110*'Дашборд и Сводка'!$C$8 | H110: =D110+G110
A111: Апрель | B111: 94 | C111: 4 | D111: =H110 | E111: =MIN('Дашборд и Сводка'!$C$9, ROUNDUP(D111/'Дашборд и Сводка'!$C$6, 0)*0.01) | F111: ='Дашборд и Сводка'!$C$7 | G111: =E111*F111*'Дашборд и Сводка'!$C$8 | H111: =D111+G111
A112: Апрель | B112: 95 | C112: 5 | D112: =H111 | E112: =MIN('Дашборд и Сводка'!$C$9, ROUNDUP(D112/'Дашборд и Сводка'!$C$6, 0)*0.01) | F112: ='Дашборд и Сводка'!$C$7 | G112: =E112*F112*'Дашборд и Сводка'!$C$8 | H112: =D112+G112
A113: Апрель | B113: 96 | C113: 6 | D113: =H112 | E113: =MIN('Дашборд и Сводка'!$C$9, ROUNDUP(D113/'Дашборд и Сводка'!$C$6, 0)*0.01) | F113: ='Дашборд и Сводка'!$C$7 | G113: =E113*F113*'Дашборд и Сводка'!$C$8 | H113: =D113+G113
A114: Апрель | B114: 97 | C114: 7 | D114: =H113 | E114: =MIN('Дашборд и Сводка'!$C$9, ROUNDUP(D114/'Дашборд и Сводка'!$C$6, 0)*0.01) | F114: ='Дашборд и Сводка'!$C$7 | G114: =E114*F114*'Дашборд и Сводка'!$C$8 | H114: =D114+G114
A115: Апрель | B115: 98 | C115: 8 | D115: =H114 | E115: =MIN('Дашборд и Сводка'!$C$9, ROUNDUP(D115/'Дашборд и Сводка'!$C$6, 0)*0.01) | F115: ='Дашборд и Сводка'!$C$7 | G115: =E115*F115*'Дашборд и Сводка'!$C$8 | H115: =D115+G115
A116: Апрель | B116: 99 | C116: 9 | D116: =H115 | E116: =MIN('Дашборд и Сводка'!$C$9, ROUNDUP(D116/'Дашборд и Сводка'!$C$6, 0)*0.01) | F116: ='Дашборд и Сводка'!$C$7 | G116: =E116*F116*'Дашборд и Сводка'!$C$8 | H116: =D116+G116
A117: Апрель | B117: 100 | C117: 10 | D117: =H116 | E117: =MIN('Дашборд и Сводка'!$C$9, ROUNDUP(D117/'Дашборд и Сводка'!$C$6, 0)*0.01) | F117: ='Дашборд и Сводка'!$C$7 | G117: =E117*F117*'Дашборд и Сводка'!$C$8 | H117: =D117+G117
A118: Апрель | B118: 101 | C118: 11 | D118: =H117 | E118: =MIN('Дашборд и Сводка'!$C$9, ROUNDUP(D118/'Дашборд и Сводка'!$C$6, 0)*0.01) | F118: ='Дашборд и Сводка'!$C$7 | G118: =E118*F118*'Дашборд и Сводка'!$C$8 | H118: =D118+G118
A119: Апрель | B119: 102 | C119: 12 | D119: =H118 | E119: =MIN('Дашборд и Сводка'!$C$9, ROUNDUP(D119/'Дашборд и Сводка'!$C$6, 0)*0.01) | F119: ='Дашборд и Сводка'!$C$7 | G119: =E119*F119*'Дашборд и Сводка'!$C$8 | H119: =D119+G119
A120: Апрель | B120: 103 | C120: 13 | D120: =H119 | E120: =MIN('Дашборд и Сводка'!$C$9, ROUNDUP(D120/'Дашборд и Сводка'!$C$6, 0)*0.01) | F120: ='Дашборд и Сводка'!$C$7 | G120: =E120*F120*'Дашборд и Сводка'!$C$8 | H120: =D120+G120
... A137: Апрель | B137: 120 | C137: 30 | D137: =H136 | E137: =MIN('Дашборд и Сводка'!$C$9, ROUNDUP(D137/'Дашборд и Сводка'!$C$6, 0)*0.01) | F137: ='Дашборд и Сводка'!$C$7 | G137: =E137*F137*'Дашборд и Сводка'!$C$8 | H137: =D137+G137
A138: ИТОГО ЗА АПРЕЛЬ: | D138: =D108 | E138: =MAX(E108:E137) | F138: ='Дашборд и Сводка'!$C$7 | G138: =SUM(G108:G137) | H138: =H137
A140: МЕСЯЦ 5: МАЙ (31 торговых дней)
A141: Месяц | B141: День года | C141: День месяца | D141: Начальный депозит ($) | E141: Размер лота | F141: Цель (пунктов) | G141: Прибыль за день ($) | H141: Итоговый баланс ($)
A142: Май | B142: 121 | C142: 1 | D142: =H137 | E142: =MIN('Дашборд и Сводка'!$C$9, ROUNDUP(D142/'Дашборд и Сводка'!$C$6, 0)*0.01) | F142: ='Дашборд и Сводка'!$C$7 | G142: =E142*F142*'Дашборд и Сводка'!$C$8 | H142: =D142+G142
A143: Май | B143: 122 | C143: 2 | D143: =H142 | E143: =MIN('Дашборд и Сводка'!$C$9, ROUNDUP(D143/'Дашборд и Сводка'!$C$6, 0)*0.01) | F143: ='Дашборд и Сводка'!$C$7 | G143: =E143*F143*'Дашборд и Сводка'!$C$8 | H143: =D143+G143
A144: Май | B144: 123 | C144: 3 | D144: =H143 | E144: =MIN('Дашборд и Сводка'!$C$9, ROUNDUP(D144/'Дашборд и Сводка'!$C$6, 0)*0.01) | F144: ='Дашборд и Сводка'!$C$7 | G144: =E144*F144*'Дашборд и Сводка'!$C$8 | H144: =D144+G144
A145: Май | B145: 124 | C145: 4 | D145: =H144 | E145: =MIN('Дашборд и Сводка'!$C$9, ROUNDUP(D145/'Дашборд и Сводка'!$C$6, 0)*0.01) | F145: ='Дашборд и Сводка'!$C$7 | G145: =E145*F145*'Дашборд и Сводка'!$C$8 | H145: =D145+G145
A146: Май | B146: 125 | C146: 5 | D146: =H145 | E146: =MIN('Дашборд и Сводка'!$C$9, ROUNDUP(D146/'Дашборд и Сводка'!$C$6, 0)*0.01) | F146: ='Дашборд и Сводка'!$C$7 | G146: =E146*F146*'Дашборд и Сводка'!$C$8 | H146: =D146+G146
A147: Май | B147: 126 | C147: 6 | D147: =H146 | E147: =MIN('Дашборд и Сводка'!$C$9, ROUNDUP(D147/'Дашборд и Сводка'!$C$6, 0)*0.01) | F147: ='Дашборд и Сводка'!$C$7 | G147: =E147*F147*'Дашборд и Сводка'!$C$8 | H147: =D147+G147
A148: Май | B148: 127 | C148: 7 | D148: =H147 | E148: =MIN('Дашборд и Сводка'!$C$9, ROUNDUP(D148/'Дашборд и Сводка'!$C$6, 0)*0.01) | F148: ='Дашборд и Сводка'!$C$7 | G148: =E148*F148*'Дашборд и Сводка'!$C$8 | H148: =D148+G148
A149: Май | B149: 128 | C149: 8 | D149: =H148 | E149: =MIN('Дашборд и Сводка'!$C$9, ROUNDUP(D149/'Дашборд и Сводка'!$C$6, 0)*0.01) | F149: ='Дашборд и Сводка'!$C$7 | G149: =E149*F149*'Дашборд и Сводка'!$C$8 | H149: =D149+G149
A150: Май | B150: 129 | C150: 9 | D150: =H149 | E150: =MIN('Дашборд и Сводка'!$C$9, ROUNDUP(D150/'Дашборд и Сводка'!$C$6, 0)*0.01) | F150: ='Дашборд и Сводка'!$C$7 | G150: =E150*F150*'Дашборд и Сводка'!$C$8 | H150: =D150+G150
A151: Май | B151: 130 | C151: 10 | D151: =H150 | E151: =MIN('Дашборд и Сводка'!$C$9, ROUNDUP(D151/'Дашборд и Сводка'!$C$6, 0)*0.01) | F151: ='Дашборд и Сводка'!$C$7 | G151: =E151*F151*'Дашборд и Сводка'!$C$8 | H151: =D151+G151
A152: Май | B152: 131 | C152: 11 | D152: =H151 | E152: =MIN('Дашборд и Сводка'!$C$9, ROUNDUP(D152/'Дашборд и Сводка'!$C$6, 0)*0.01) | F152: ='Дашборд и Сводка'!$C$7 | G152: =E152*F152*'Дашборд и Сводка'!$C$8 | H152: =D152+G152
A153: Май | B153: 132 | C153: 12 | D153: =H152 | E153: =MIN('Дашборд и Сводка'!$C$9, ROUNDUP(D153/'Дашборд и Сводка'!$C$6, 0)*0.01) | F153: ='Дашборд и Сводка'!$C$7 | G153: =E153*F153*'Дашборд и Сводка'!$C$8 | H153: =D153+G153
A154: Май | B154: 133 | C154: 13 | D154: =H153 | E154: =MIN('Дашборд и Сводка'!$C$9, ROUNDUP(D154/'Дашборд и Сводка'!$C$6, 0)*0.01) | F154: ='Дашборд и Сводка'!$C$7 | G154: =E154*F154*'Дашборд и Сводка'!$C$8 | H154: =D154+G154
... A172: Май | B172: 151 | C172: 31 | D172: =H171 | E172: =MIN('Дашборд и Сводка'!$C$9, ROUNDUP(D172/'Дашборд и Сводка'!$C$6, 0)*0.01) | F172: ='Дашборд и Сводка'!$C$7 | G172: =E172*F172*'Дашборд и Сводка'!$C$8 | H172: =D172+G172
A173: ИТОГО ЗА МАЙ: | D173: =D142 | E173: =MAX(E142:E172) | F173: ='Дашборд и Сводка'!$C$7 | G173: =SUM(G142:G172) | H173: =H172
A175: МЕСЯЦ 6: ИЮНЬ (30 торговых дней)
A176: Месяц | B176: День года | C176: День месяца | D176: Начальный депозит ($) | E176: Размер лота | F176: Цель (пунктов) | G176: Прибыль за день ($) | H176: Итоговый баланс ($)
A177: Июнь | B177: 152 | C177: 1 | D177: =H172 | E177: =MIN('Дашборд и Сводка'!$C$9, ROUNDUP(D177/'Дашборд и Сводка'!$C$6, 0)*0.01) | F177: ='Дашборд и Сводка'!$C$7 | G177: =E177*F177*'Дашборд и Сводка'!$C$8 | H177: =D177+G177
A178: Июнь | B178: 153 | C178: 2 | D178: =H177 | E178: =MIN('Дашборд и Сводка'!$C$9, ROUNDUP(D178/'Дашборд и Сводка'!$C$6, 0)*0.01) | F178: ='Дашборд и Сводка'!$C$7 | G178: =E178*F178*'Дашборд и Сводка'!$C$8 | H178: =D178+G178
A179: Июнь | B179: 154 | C179: 3 | D179: =H178 | E179: =MIN('Дашборд и Сводка'!$C$9, ROUNDUP(D179/'Дашборд и Сводка'!$C$6, 0)*0.01) | F179: ='Дашборд и Сводка'!$C$7 | G179: =E179*F179*'Дашборд и Сводка'!$C$8 | H179: =D179+G179
A180: Июнь | B180: 155 | C180: 4 | D180: =H179 | E180: =MIN('Дашборд и Сводка'!$C$9, ROUNDUP(D180/'Дашборд и Сводка'!$C$6, 0)*0.01) | F180: ='Дашборд и Сводка'!$C$7 | G180: =E180*F180*'Дашборд и Сводка'!$C$8 | H180: =D180+G180
A181: Июнь | B181: 156 | C181: 5 | D181: =H180 | E181: =MIN('Дашборд и Сводка'!$C$9, ROUNDUP(D181/'Дашборд и Сводка'!$C$6, 0)*0.01) | F181: ='Дашборд и Сводка'!$C$7 | G181: =E181*F181*'Дашборд и Сводка'!$C$8 | H181: =D181+G181
A182: Июнь | B182: 157 | C182: 6 | D182: =H181 | E182: =MIN('Дашборд и Сводка'!$C$9, ROUNDUP(D182/'Дашборд и Сводка'!$C$6, 0)*0.01) | F182: ='Дашборд и Сводка'!$C$7 | G182: =E182*F182*'Дашборд и Сводка'!$C$8 | H182: =D182+G182
A183: Июнь | B183: 158 | C183: 7 | D183: =H182 | E183: =MIN('Дашборд и Сводка'!$C$9, ROUNDUP(D183/'Дашборд и Сводка'!$C$6, 0)*0.01) | F183: ='Дашборд и Сводка'!$C$7 | G183: =E183*F183*'Дашборд и Сводка'!$C$8 | H183: =D183+G183
A184: Июнь | B184: 159 | C184: 8 | D184: =H183 | E184: =MIN('Дашборд и Сводка'!$C$9, ROUNDUP(D184/'Дашборд и Сводка'!$C$6, 0)*0.01) | F184: ='Дашборд и Сводка'!$C$7 | G184: =E184*F184*'Дашборд и Сводка'!$C$8 | H184: =D184+G184
A185: Июнь | B185: 160 | C185: 9 | D185: =H184 | E185: =MIN('Дашборд и Сводка'!$C$9, ROUNDUP(D185/'Дашборд и Сводка'!$C$6, 0)*0.01) | F185: ='Дашборд и Сводка'!$C$7 | G185: =E185*F185*'Дашборд и Сводка'!$C$8 | H185: =D185+G185
A186: Июнь | B186: 161 | C186: 10 | D186: =H185 | E186: =MIN('Дашборд и Сводка'!$C$9, ROUNDUP(D186/'Дашборд и Сводка'!$C$6, 0)*0.01) | F186: ='Дашборд и Сводка'!$C$7 | G186: =E186*F186*'Дашборд и Сводка'!$C$8 | H186: =D186+G186
A187: Июнь | B187: 162 | C187: 11 | D187: =H186 | E187: =MIN('Дашборд и Сводка'!$C$9, ROUNDUP(D187/'Дашборд и Сводка'!$C$6, 0)*0.01) | F187: ='Дашборд и Сводка'!$C$7 | G187: =E187*F187*'Дашборд и Сводка'!$C$8 | H187: =D187+G187
...
